<?xml version="1.0" encoding="UTF-8"?><rss version="2.0"
	xmlns:content="http://purl.org/rss/1.0/modules/content/"
	xmlns:wfw="http://wellformedweb.org/CommentAPI/"
	xmlns:dc="http://purl.org/dc/elements/1.1/"
	xmlns:atom="http://www.w3.org/2005/Atom"
	xmlns:sy="http://purl.org/rss/1.0/modules/syndication/"
	xmlns:slash="http://purl.org/rss/1.0/modules/slash/"
	>

<channel>
	<title>Whiskey Archivi | Epicodeprogetto0303</title>
	<atom:link href="http://localhost/lunedi0603/tag-prodotto/whiskey/feed/?simply_static_page=843" rel="self" type="application/rss+xml" />
	<link></link>
	<description></description>
	<lastBuildDate>Fri, 03 Mar 2023 20:15:42 +0000</lastBuildDate>
	<language>it-IT</language>
	<sy:updatePeriod>
	hourly	</sy:updatePeriod>
	<sy:updateFrequency>
	1	</sy:updateFrequency>
	<generator>https://wordpress.org/?v=6.1.1</generator>
	<item>
		<title>Hibiki</title>
		<link>/prodotto/hibiki-whiskey/</link>
					<comments>/prodotto/hibiki-whiskey/#respond</comments>
		
		<dc:creator><![CDATA[Francesco]]></dc:creator>
		<pubDate>Wed, 24 May 2017 09:41:39 +0000</pubDate>
				<guid isPermaLink="false">http://belinni.pixel-show.com/?post_type=product&#038;p=408</guid>

					<description><![CDATA[<div id="product-description-short-421" class="product-short-description">
<p>Whisky Suntory Hibiki Japanese Harmony è un blended della Suntory, creato da una miscela di single malt e single grain.</p>
<p><strong>Grado alcolico:</strong> 43%</p>
</div>
<div class="features"></div>
<p>L'articolo <a rel="nofollow" href="/prodotto/hibiki-whiskey/">Hibiki</a> proviene da <a rel="nofollow" href="">Epicodeprogetto0303</a>.</p>
]]></description>
										<content:encoded><![CDATA[<p>L'articolo <a rel="nofollow" href="/prodotto/hibiki-whiskey/">Hibiki</a> proviene da <a rel="nofollow" href="">Epicodeprogetto0303</a>.</p>
]]></content:encoded>
					
					<wfw:commentRss>/prodotto/hibiki-whiskey/feed/</wfw:commentRss>
			<slash:comments>0</slash:comments>
		
		
			</item>
		<item>
		<title>Ezra brooks black label</title>
		<link>/prodotto/ezra-brooks-black-label/</link>
					<comments>/prodotto/ezra-brooks-black-label/#comments</comments>
		
		<dc:creator><![CDATA[Francesco]]></dc:creator>
		<pubDate>Wed, 24 May 2017 09:40:10 +0000</pubDate>
				<guid isPermaLink="false">http://belinni.pixel-show.com/?post_type=product&#038;p=406</guid>

					<description><![CDATA[<p><strong>Formato:</strong> 0,70 L</p>
<p><strong>Grado alcolico:</strong> 49.5%</p>
<p>L'articolo <a rel="nofollow" href="/prodotto/ezra-brooks-black-label/">Ezra brooks black label</a> proviene da <a rel="nofollow" href="">Epicodeprogetto0303</a>.</p>
]]></description>
										<content:encoded><![CDATA[<p>L'articolo <a rel="nofollow" href="/prodotto/ezra-brooks-black-label/">Ezra brooks black label</a> proviene da <a rel="nofollow" href="">Epicodeprogetto0303</a>.</p>
]]></content:encoded>
					
					<wfw:commentRss>/prodotto/ezra-brooks-black-label/feed/</wfw:commentRss>
			<slash:comments>1</slash:comments>
		
		
			</item>
		<item>
		<title>Knappogue</title>
		<link>/prodotto/knappogue/</link>
					<comments>/prodotto/knappogue/#comments</comments>
		
		<dc:creator><![CDATA[Francesco]]></dc:creator>
		<pubDate>Wed, 24 May 2017 09:37:22 +0000</pubDate>
				<guid isPermaLink="false">http://belinni.pixel-show.com/?post_type=product&#038;p=405</guid>

					<description><![CDATA[<div id="product-description-short-604" class="product-short-description">
<p>Knappogue Castle 12 Y.O., Single Malt Irlandese invecchiato 12 anni in botti di rovere ex bourbon.</p>
</div>
<div class="features"><strong>Formato:</strong> 0,70L</div>
<div><strong>Grado alcolico:</strong> 41%</div>
<p>L'articolo <a rel="nofollow" href="/prodotto/knappogue/">Knappogue</a> proviene da <a rel="nofollow" href="">Epicodeprogetto0303</a>.</p>
]]></description>
										<content:encoded><![CDATA[<p>L'articolo <a rel="nofollow" href="/prodotto/knappogue/">Knappogue</a> proviene da <a rel="nofollow" href="">Epicodeprogetto0303</a>.</p>
]]></content:encoded>
					
					<wfw:commentRss>/prodotto/knappogue/feed/</wfw:commentRss>
			<slash:comments>1</slash:comments>
		
		
			</item>
		<item>
		<title>Berry bros rudd</title>
		<link>/prodotto/berry-bros-rudd/</link>
					<comments>/prodotto/berry-bros-rudd/#comments</comments>
		
		<dc:creator><![CDATA[Francesco]]></dc:creator>
		<pubDate>Wed, 24 May 2017 09:36:02 +0000</pubDate>
				<guid isPermaLink="false">http://belinni.pixel-show.com/?post_type=product&#038;p=404</guid>

					<description><![CDATA[<p>1991 Berry Bros. &#38; Rudd Exceptional Casks, Cask Ref. 103023, Cambus, Single Grain Whisky, Lowlands.</p>
<p><strong>Formato:</strong> 0,70L</p>
<p><strong>Grado alcolico:</strong> 49,9%</p>
<p>&#160;</p>
<p>L'articolo <a rel="nofollow" href="/prodotto/berry-bros-rudd/">Berry bros rudd</a> proviene da <a rel="nofollow" href="">Epicodeprogetto0303</a>.</p>
]]></description>
										<content:encoded><![CDATA[<p>L'articolo <a rel="nofollow" href="/prodotto/berry-bros-rudd/">Berry bros rudd</a> proviene da <a rel="nofollow" href="">Epicodeprogetto0303</a>.</p>
]]></content:encoded>
					
					<wfw:commentRss>/prodotto/berry-bros-rudd/feed/</wfw:commentRss>
			<slash:comments>1</slash:comments>
		
		
			</item>
	</channel>
</rss>
