<?xml version="1.0" encoding="UTF-8"?><rss version="2.0"
	xmlns:content="http://purl.org/rss/1.0/modules/content/"
	xmlns:dc="http://purl.org/dc/elements/1.1/"
	xmlns:atom="http://www.w3.org/2005/Atom"
	xmlns:sy="http://purl.org/rss/1.0/modules/syndication/"
	
	>
<channel>
	<title>
	Commenti a: Villa Lobos Tequila Extra Anejo 4 anni	</title>
	<atom:link href="http://localhost/lunedi0603/prodotto/villa-lobos-tequila-extra-anejo-4-anni/feed/?simply_static_page=691" rel="self" type="application/rss+xml" />
	<link>/prodotto/villa-lobos-tequila-extra-anejo-4-anni/</link>
	<description></description>
	<lastBuildDate>Fri, 03 Mar 2023 13:51:54 +0000</lastBuildDate>
	<sy:updatePeriod>
	hourly	</sy:updatePeriod>
	<sy:updateFrequency>
	1	</sy:updateFrequency>
	<generator>https://wordpress.org/?v=6.1.1</generator>
</channel>
</rss>
