<?xml version="1.0" encoding="UTF-8"?><rss version="2.0"
	xmlns:content="http://purl.org/rss/1.0/modules/content/"
	xmlns:dc="http://purl.org/dc/elements/1.1/"
	xmlns:atom="http://www.w3.org/2005/Atom"
	xmlns:sy="http://purl.org/rss/1.0/modules/syndication/"
	
	>
<channel>
	<title>
	Commenti a: Ezra brooks black label	</title>
	<atom:link href="http://localhost/lunedi0603/prodotto/ezra-brooks-black-label/feed/?simply_static_page=664" rel="self" type="application/rss+xml" />
	<link>/prodotto/ezra-brooks-black-label/</link>
	<description></description>
	<lastBuildDate>Fri, 03 Mar 2023 14:10:56 +0000</lastBuildDate>
	<sy:updatePeriod>
	hourly	</sy:updatePeriod>
	<sy:updateFrequency>
	1	</sy:updateFrequency>
	<generator>https://wordpress.org/?v=6.1.1</generator>
	<item>
		<title>
		Di: Olivia		</title>
		<link>/prodotto/ezra-brooks-black-label/#comment-31</link>

		<dc:creator><![CDATA[Olivia]]></dc:creator>
		<pubDate>Wed, 24 May 2017 10:57:31 +0000</pubDate>
		<guid isPermaLink="false">http://belinni.pixel-show.com/?post_type=product&#038;p=406#comment-31</guid>

					<description><![CDATA[I expected a better product. 4/5.]]></description>
			<content:encoded><![CDATA[<p>I expected a better product. 4/5.</p>
]]></content:encoded>
		
			</item>
	</channel>
</rss>
