<?xml version="1.0" encoding="UTF-8"?><rss version="2.0"
	xmlns:content="http://purl.org/rss/1.0/modules/content/"
	xmlns:dc="http://purl.org/dc/elements/1.1/"
	xmlns:atom="http://www.w3.org/2005/Atom"
	xmlns:sy="http://purl.org/rss/1.0/modules/syndication/"
	
	>
<channel>
	<title>
	Commenti a: Knappogue	</title>
	<atom:link href="http://localhost/lunedi0603/prodotto/knappogue/feed/?simply_static_page=667" rel="self" type="application/rss+xml" />
	<link>/prodotto/knappogue/</link>
	<description></description>
	<lastBuildDate>Fri, 03 Mar 2023 14:16:44 +0000</lastBuildDate>
	<sy:updatePeriod>
	hourly	</sy:updatePeriod>
	<sy:updateFrequency>
	1	</sy:updateFrequency>
	<generator>https://wordpress.org/?v=6.1.1</generator>
	<item>
		<title>
		Di: Viktoria		</title>
		<link>/prodotto/knappogue/#comment-30</link>

		<dc:creator><![CDATA[Viktoria]]></dc:creator>
		<pubDate>Wed, 24 May 2017 10:56:03 +0000</pubDate>
		<guid isPermaLink="false">http://belinni.pixel-show.com/?post_type=product&#038;p=405#comment-30</guid>

					<description><![CDATA[High quality product.]]></description>
			<content:encoded><![CDATA[<p>High quality product.</p>
]]></content:encoded>
		
			</item>
	</channel>
</rss>
