<?xml version="1.0" encoding="UTF-8"?><rss version="2.0"
	xmlns:content="http://purl.org/rss/1.0/modules/content/"
	xmlns:dc="http://purl.org/dc/elements/1.1/"
	xmlns:atom="http://www.w3.org/2005/Atom"
	xmlns:sy="http://purl.org/rss/1.0/modules/syndication/"
	
	>
<channel>
	<title>
	Commenti a: Angostura rhum aged Premium	</title>
	<atom:link href="http://localhost/lunedi0603/prodotto/angostura-rhum-aged-premium/feed/?simply_static_page=676" rel="self" type="application/rss+xml" />
	<link>/prodotto/angostura-rhum-aged-premium/</link>
	<description></description>
	<lastBuildDate>Fri, 03 Mar 2023 14:09:44 +0000</lastBuildDate>
	<sy:updatePeriod>
	hourly	</sy:updatePeriod>
	<sy:updateFrequency>
	1	</sy:updateFrequency>
	<generator>https://wordpress.org/?v=6.1.1</generator>
	<item>
		<title>
		Di: Viktoria		</title>
		<link>/prodotto/angostura-rhum-aged-premium/#comment-28</link>

		<dc:creator><![CDATA[Viktoria]]></dc:creator>
		<pubDate>Wed, 24 May 2017 10:51:55 +0000</pubDate>
		<guid isPermaLink="false">http://belinni.pixel-show.com/?post_type=product&#038;p=403#comment-28</guid>

					<description><![CDATA[Really good rhum!]]></description>
			<content:encoded><![CDATA[<p>Really good rhum!</p>
]]></content:encoded>
		
			</item>
		<item>
		<title>
		Di: Robert		</title>
		<link>/prodotto/angostura-rhum-aged-premium/#comment-27</link>

		<dc:creator><![CDATA[Robert]]></dc:creator>
		<pubDate>Wed, 24 May 2017 10:51:13 +0000</pubDate>
		<guid isPermaLink="false">http://belinni.pixel-show.com/?post_type=product&#038;p=403#comment-27</guid>

					<description><![CDATA[Good product!]]></description>
			<content:encoded><![CDATA[<p>Good product!</p>
]]></content:encoded>
		
			</item>
	</channel>
</rss>
