<?xml version="1.0" encoding="UTF-8"?><rss version="2.0"
	xmlns:content="http://purl.org/rss/1.0/modules/content/"
	xmlns:wfw="http://wellformedweb.org/CommentAPI/"
	xmlns:dc="http://purl.org/dc/elements/1.1/"
	xmlns:atom="http://www.w3.org/2005/Atom"
	xmlns:sy="http://purl.org/rss/1.0/modules/syndication/"
	xmlns:slash="http://purl.org/rss/1.0/modules/slash/"
	>

<channel>
	<title>Shop online | Epicodeprogetto0303</title>
	<atom:link href="http://localhost/lunedi0603/shop-online/feed/?simply_static_page=654" rel="self" type="application/rss+xml" />
	<link></link>
	<description></description>
	<lastBuildDate>Fri, 03 Mar 2023 14:13:28 +0000</lastBuildDate>
	<language>it-IT</language>
	<sy:updatePeriod>
	hourly	</sy:updatePeriod>
	<sy:updateFrequency>
	1	</sy:updateFrequency>
	<generator>https://wordpress.org/?v=6.1.1</generator>
	<item>
		<title>Gin Amuerte White Coca Leaf Bottiglia Bianca</title>
		<link>/prodotto/gin-amuerte-white-coca-leaf-bottiglia-bianca/</link>
					<comments>/prodotto/gin-amuerte-white-coca-leaf-bottiglia-bianca/#respond</comments>
		
		<dc:creator><![CDATA[Francesco]]></dc:creator>
		<pubDate>Fri, 03 Mar 2023 14:04:11 +0000</pubDate>
				<guid isPermaLink="false">/?post_type=product#038;p=1032</guid>

					<description><![CDATA[<div id="product-description-short-426" class="product-short-description">
<p>Il <strong>Gin Amuerete Coca Leaf White </strong>ha una ricetta innovativa che contiene botaniche fresche e intense.</p>
<p>Formato: 0,70L</p>
<p>Grado alcolico: 43%</p>
</div>
<div class="features"></div>
<p>L'articolo <a rel="nofollow" href="/prodotto/gin-amuerte-white-coca-leaf-bottiglia-bianca/">Gin Amuerte White Coca Leaf Bottiglia Bianca</a> proviene da <a rel="nofollow" href="">Epicodeprogetto0303</a>.</p>
]]></description>
										<content:encoded><![CDATA[<p>L'articolo <a rel="nofollow" href="/prodotto/gin-amuerte-white-coca-leaf-bottiglia-bianca/">Gin Amuerte White Coca Leaf Bottiglia Bianca</a> proviene da <a rel="nofollow" href="">Epicodeprogetto0303</a>.</p>
]]></content:encoded>
					
					<wfw:commentRss>/prodotto/gin-amuerte-white-coca-leaf-bottiglia-bianca/feed/</wfw:commentRss>
			<slash:comments>0</slash:comments>
		
		
			</item>
		<item>
		<title>Etsu Double Orange Gin x 3BTG</title>
		<link>/prodotto/etsu-double-orange-gin-x-3btg/</link>
					<comments>/prodotto/etsu-double-orange-gin-x-3btg/#respond</comments>
		
		<dc:creator><![CDATA[Francesco]]></dc:creator>
		<pubDate>Fri, 03 Mar 2023 14:01:44 +0000</pubDate>
				<guid isPermaLink="false">/?post_type=product#038;p=1031</guid>

					<description><![CDATA[<div id="product-description-short-1061" class="product-short-description">
<p>Etsu Double Orange Gin è fresco con note fruttate, che nasce dall'utilizzo di ingredienti naturali, che conferiscono a questo gin un finale unico e leggero.</p>
<p><strong>Formato:</strong> 0,70L x 3 BTG</p>
<p><strong>Grado alcolico:</strong> 3%</p>
</div>
<div class="features"></div>
<p>L'articolo <a rel="nofollow" href="/prodotto/etsu-double-orange-gin-x-3btg/">Etsu Double Orange Gin x 3BTG</a> proviene da <a rel="nofollow" href="">Epicodeprogetto0303</a>.</p>
]]></description>
										<content:encoded><![CDATA[<p>L'articolo <a rel="nofollow" href="/prodotto/etsu-double-orange-gin-x-3btg/">Etsu Double Orange Gin x 3BTG</a> proviene da <a rel="nofollow" href="">Epicodeprogetto0303</a>.</p>
]]></content:encoded>
					
					<wfw:commentRss>/prodotto/etsu-double-orange-gin-x-3btg/feed/</wfw:commentRss>
			<slash:comments>0</slash:comments>
		
		
			</item>
		<item>
		<title>Elephant Gin Navy Strength</title>
		<link>/prodotto/elephant-gin-navy-strength/</link>
					<comments>/prodotto/elephant-gin-navy-strength/#respond</comments>
		
		<dc:creator><![CDATA[Francesco]]></dc:creator>
		<pubDate>Fri, 03 Mar 2023 13:58:09 +0000</pubDate>
				<guid isPermaLink="false">/?post_type=product#038;p=1030</guid>

					<description><![CDATA[<div id="product-description-short-187" class="product-short-description">
<p>Elephant Navy Strength è la ricetta artigianale realizzata con botaniche africane ad una gradazione del 57%, più forte e ricco del gin london dry.</p>
<p><strong>Formato:</strong> 0,50L</p>
<p><strong>Grado alcolico:</strong> 57%</p>
</div>
<p>L'articolo <a rel="nofollow" href="/prodotto/elephant-gin-navy-strength/">Elephant Gin Navy Strength</a> proviene da <a rel="nofollow" href="">Epicodeprogetto0303</a>.</p>
]]></description>
										<content:encoded><![CDATA[<p>L'articolo <a rel="nofollow" href="/prodotto/elephant-gin-navy-strength/">Elephant Gin Navy Strength</a> proviene da <a rel="nofollow" href="">Epicodeprogetto0303</a>.</p>
]]></content:encoded>
					
					<wfw:commentRss>/prodotto/elephant-gin-navy-strength/feed/</wfw:commentRss>
			<slash:comments>0</slash:comments>
		
		
			</item>
		<item>
		<title>Dry Gin The Botanist Islay</title>
		<link>/prodotto/dry-gin-the-botanist-islay/</link>
					<comments>/prodotto/dry-gin-the-botanist-islay/#respond</comments>
		
		<dc:creator><![CDATA[Francesco]]></dc:creator>
		<pubDate>Fri, 03 Mar 2023 13:55:04 +0000</pubDate>
				<guid isPermaLink="false">/?post_type=product#038;p=1025</guid>

					<description><![CDATA[<div id="product-description-short-358" class="product-short-description">
<p>The Botanist Islay, il gin scozzese artigianale complesso e poliedrico con ben 22 botaniche. Fresco, armonico e affascinante.</p>
<p><strong>Formato:</strong> 1L</p>
<p><strong>Grado alcolico:</strong> 46%</p>
</div>
<p>L'articolo <a rel="nofollow" href="/prodotto/dry-gin-the-botanist-islay/">Dry Gin The Botanist Islay</a> proviene da <a rel="nofollow" href="">Epicodeprogetto0303</a>.</p>
]]></description>
										<content:encoded><![CDATA[<p>L'articolo <a rel="nofollow" href="/prodotto/dry-gin-the-botanist-islay/">Dry Gin The Botanist Islay</a> proviene da <a rel="nofollow" href="">Epicodeprogetto0303</a>.</p>
]]></content:encoded>
					
					<wfw:commentRss>/prodotto/dry-gin-the-botanist-islay/feed/</wfw:commentRss>
			<slash:comments>0</slash:comments>
		
		
			</item>
		<item>
		<title>Villa Lobos Tequila Extra Anejo 4 anni</title>
		<link>/prodotto/villa-lobos-tequila-extra-anejo-4-anni/</link>
					<comments>/prodotto/villa-lobos-tequila-extra-anejo-4-anni/#respond</comments>
		
		<dc:creator><![CDATA[Francesco]]></dc:creator>
		<pubDate>Fri, 03 Mar 2023 13:50:58 +0000</pubDate>
				<guid isPermaLink="false">/?post_type=product#038;p=1024</guid>

					<description><![CDATA[<p>Villa Lobos Extra Anejo, tequila messicano artigianale prodotto con Agave azul web, fermentazione lenta e una maturazione di 4 anni. Elegante, ricco e morbido al palato.</p>
<p><strong>Formato:</strong> 0,70L</p>
<p><strong>Grado alcolico:</strong> 40%</p>
<p>&#160;</p>
<p>L'articolo <a rel="nofollow" href="/prodotto/villa-lobos-tequila-extra-anejo-4-anni/">Villa Lobos Tequila Extra Anejo 4 anni</a> proviene da <a rel="nofollow" href="">Epicodeprogetto0303</a>.</p>
]]></description>
										<content:encoded><![CDATA[<p>L'articolo <a rel="nofollow" href="/prodotto/villa-lobos-tequila-extra-anejo-4-anni/">Villa Lobos Tequila Extra Anejo 4 anni</a> proviene da <a rel="nofollow" href="">Epicodeprogetto0303</a>.</p>
]]></content:encoded>
					
					<wfw:commentRss>/prodotto/villa-lobos-tequila-extra-anejo-4-anni/feed/</wfw:commentRss>
			<slash:comments>0</slash:comments>
		
		
			</item>
		<item>
		<title>Tequila Casamigos Anejo</title>
		<link>/prodotto/tequila-casamigos-anejo/</link>
					<comments>/prodotto/tequila-casamigos-anejo/#respond</comments>
		
		<dc:creator><![CDATA[Francesco]]></dc:creator>
		<pubDate>Fri, 03 Mar 2023 13:46:40 +0000</pubDate>
				<guid isPermaLink="false">/?post_type=product#038;p=1023</guid>

					<description><![CDATA[<div id="product-description-short-63" class="product-short-description">
<p>Prodotta artigianalmente in Messico con agave Blue Weber, viene invecchiato per 14 mesi in legno di rovere. Morbido e raffinato con un finale persistente.</p>
<p><strong>Formato:</strong> 0,70 L</p>
<p><strong>Grado alcolico:</strong> 40%</p>
</div>
<p>L'articolo <a rel="nofollow" href="/prodotto/tequila-casamigos-anejo/">Tequila Casamigos Anejo</a> proviene da <a rel="nofollow" href="">Epicodeprogetto0303</a>.</p>
]]></description>
										<content:encoded><![CDATA[<p>L'articolo <a rel="nofollow" href="/prodotto/tequila-casamigos-anejo/">Tequila Casamigos Anejo</a> proviene da <a rel="nofollow" href="">Epicodeprogetto0303</a>.</p>
]]></content:encoded>
					
					<wfw:commentRss>/prodotto/tequila-casamigos-anejo/feed/</wfw:commentRss>
			<slash:comments>0</slash:comments>
		
		
			</item>
		<item>
		<title>Mezcal Los Siete Misterios Coyote</title>
		<link>/prodotto/mezcal-los-siete-misterios-coyote/</link>
					<comments>/prodotto/mezcal-los-siete-misterios-coyote/#respond</comments>
		
		<dc:creator><![CDATA[Francesco]]></dc:creator>
		<pubDate>Fri, 03 Mar 2023 13:41:44 +0000</pubDate>
				<guid isPermaLink="false">/?post_type=product#038;p=1022</guid>

					<description><![CDATA[<p>Los Siete Misterios Coyote il mezcal raro di Oaxaca dalle note erbacee.</p>
<p><strong>Grado alcolico:</strong> 47.50%</p>
<p><strong>Tipo di Agave:</strong> Coyote</p>
<p>L'articolo <a rel="nofollow" href="/prodotto/mezcal-los-siete-misterios-coyote/">Mezcal Los Siete Misterios Coyote</a> proviene da <a rel="nofollow" href="">Epicodeprogetto0303</a>.</p>
]]></description>
										<content:encoded><![CDATA[<p>L'articolo <a rel="nofollow" href="/prodotto/mezcal-los-siete-misterios-coyote/">Mezcal Los Siete Misterios Coyote</a> proviene da <a rel="nofollow" href="">Epicodeprogetto0303</a>.</p>
]]></content:encoded>
					
					<wfw:commentRss>/prodotto/mezcal-los-siete-misterios-coyote/feed/</wfw:commentRss>
			<slash:comments>0</slash:comments>
		
		
			</item>
		<item>
		<title>Mezcal Amarillo Aguiar</title>
		<link>/prodotto/mezcal-amarillo-aguiar/</link>
					<comments>/prodotto/mezcal-amarillo-aguiar/#comments</comments>
		
		<dc:creator><![CDATA[Francesco]]></dc:creator>
		<pubDate>Fri, 03 Mar 2023 13:27:02 +0000</pubDate>
				<guid isPermaLink="false">/?post_type=product#038;p=1017</guid>

					<description><![CDATA[<p><strong>Potenti at sem</strong> sollicitudin nullam nulla eu, in in in pellentesque. Ut sapien convallis velit, hic libero pede. Sed egestas vel, velit in ac sit nam sit tellus. Ante sed sollicitudin fringilla mi vivamus, lorem ligula quam. Varius non aliquet justo massa vehicula, placerat tellus aenean eget et venenatis urna, fringilla dictum integer, donec metus laboris per nec vestibulum curabitur. Cras eleifend ipsum, nullam felis mattis orci viverra orci, elit enim ornare non vitae tortor duis, nulla vitae a est quam lacus. Mi maecenas sollicitudin nulla vestibulum et wisi, ac semper nibh at. Rerum interdum amet nam in, sed dui, varius tortor sed mi maecenas commodo, fringilla phasellus amet diam elementum, erat eu lacus. <strong>Augue scelerisque</strong>, erat curae varius sapien eget. Duis aliquet.</p>
<p>L'articolo <a rel="nofollow" href="/prodotto/mezcal-amarillo-aguiar/">Mezcal Amarillo Aguiar</a> proviene da <a rel="nofollow" href="">Epicodeprogetto0303</a>.</p>
]]></description>
										<content:encoded><![CDATA[<p>Potenti at sem sollicitudin nullam nulla eu, in in in pellentesque. Ut sapien convallis velit, hic libero pede. Sed egestas vel, velit in ac sit nam sit tellus. Ante sed sollicitudin fringilla mi vivamus, lorem ligula quam. Varius non aliquet justo massa vehicula, placerat tellus aenean eget et venenatis urna, fringilla dictum integer, donec metus laboris per nec vestibulum curabitur. Cras eleifend ipsum, nullam felis mattis orci viverra orci, elit enim ornare non vitae tortor duis, nulla vitae a est quam lacus. Mi maecenas sollicitudin nulla vestibulum et wisi, ac semper nibh at. Rerum interdum amet nam in, sed dui, varius tortor sed mi maecenas commodo, fringilla phasellus amet diam elementum, erat eu lacus. Augue scelerisque, erat curae varius sapien eget. Duis aliquet.</p>
<p>L'articolo <a rel="nofollow" href="/prodotto/mezcal-amarillo-aguiar/">Mezcal Amarillo Aguiar</a> proviene da <a rel="nofollow" href="">Epicodeprogetto0303</a>.</p>
]]></content:encoded>
					
					<wfw:commentRss>/prodotto/mezcal-amarillo-aguiar/feed/</wfw:commentRss>
			<slash:comments>1</slash:comments>
		
		
			</item>
		<item>
		<title>Hibiki</title>
		<link>/prodotto/hibiki-whiskey/</link>
					<comments>/prodotto/hibiki-whiskey/#respond</comments>
		
		<dc:creator><![CDATA[Francesco]]></dc:creator>
		<pubDate>Wed, 24 May 2017 09:41:39 +0000</pubDate>
				<guid isPermaLink="false">http://belinni.pixel-show.com/?post_type=product&#038;p=408</guid>

					<description><![CDATA[<div id="product-description-short-421" class="product-short-description">
<p>Whisky Suntory Hibiki Japanese Harmony è un blended della Suntory, creato da una miscela di single malt e single grain.</p>
<p><strong>Grado alcolico:</strong> 43%</p>
</div>
<div class="features"></div>
<p>L'articolo <a rel="nofollow" href="/prodotto/hibiki-whiskey/">Hibiki</a> proviene da <a rel="nofollow" href="">Epicodeprogetto0303</a>.</p>
]]></description>
										<content:encoded><![CDATA[<p>L'articolo <a rel="nofollow" href="/prodotto/hibiki-whiskey/">Hibiki</a> proviene da <a rel="nofollow" href="">Epicodeprogetto0303</a>.</p>
]]></content:encoded>
					
					<wfw:commentRss>/prodotto/hibiki-whiskey/feed/</wfw:commentRss>
			<slash:comments>0</slash:comments>
		
		
			</item>
		<item>
		<title>Ezra brooks black label</title>
		<link>/prodotto/ezra-brooks-black-label/</link>
					<comments>/prodotto/ezra-brooks-black-label/#comments</comments>
		
		<dc:creator><![CDATA[Francesco]]></dc:creator>
		<pubDate>Wed, 24 May 2017 09:40:10 +0000</pubDate>
				<guid isPermaLink="false">http://belinni.pixel-show.com/?post_type=product&#038;p=406</guid>

					<description><![CDATA[<p><strong>Formato:</strong> 0,70 L</p>
<p><strong>Grado alcolico:</strong> 49.5%</p>
<p>L'articolo <a rel="nofollow" href="/prodotto/ezra-brooks-black-label/">Ezra brooks black label</a> proviene da <a rel="nofollow" href="">Epicodeprogetto0303</a>.</p>
]]></description>
										<content:encoded><![CDATA[<p>L'articolo <a rel="nofollow" href="/prodotto/ezra-brooks-black-label/">Ezra brooks black label</a> proviene da <a rel="nofollow" href="">Epicodeprogetto0303</a>.</p>
]]></content:encoded>
					
					<wfw:commentRss>/prodotto/ezra-brooks-black-label/feed/</wfw:commentRss>
			<slash:comments>1</slash:comments>
		
		
			</item>
	</channel>
</rss>
