<?xml version="1.0" encoding="UTF-8"?><rss version="2.0"
	xmlns:content="http://purl.org/rss/1.0/modules/content/"
	xmlns:dc="http://purl.org/dc/elements/1.1/"
	xmlns:atom="http://www.w3.org/2005/Atom"
	xmlns:sy="http://purl.org/rss/1.0/modules/syndication/"
	
	>
<channel>
	<title>
	Commenti a: Doorly&#8217;s Barbados rhum	</title>
	<atom:link href="http://localhost/lunedi0603/prodotto/doorlys-barbados-rhum/feed/?simply_static_page=685" rel="self" type="application/rss+xml" />
	<link>/prodotto/doorlys-barbados-rhum/</link>
	<description></description>
	<lastBuildDate>Fri, 03 Mar 2023 14:15:08 +0000</lastBuildDate>
	<sy:updatePeriod>
	hourly	</sy:updatePeriod>
	<sy:updateFrequency>
	1	</sy:updateFrequency>
	<generator>https://wordpress.org/?v=6.1.1</generator>
</channel>
</rss>
