<?xml version="1.0" encoding="UTF-8"?><rss version="2.0"
	xmlns:content="http://purl.org/rss/1.0/modules/content/"
	xmlns:wfw="http://wellformedweb.org/CommentAPI/"
	xmlns:dc="http://purl.org/dc/elements/1.1/"
	xmlns:atom="http://www.w3.org/2005/Atom"
	xmlns:sy="http://purl.org/rss/1.0/modules/syndication/"
	xmlns:slash="http://purl.org/rss/1.0/modules/slash/"
	>

<channel>
	<title>Rhum Archivi | Epicodeprogetto0303</title>
	<atom:link href="http://localhost/lunedi0603/categoria-prodotto/rhum/feed/?simply_static_page=672" rel="self" type="application/rss+xml" />
	<link></link>
	<description></description>
	<lastBuildDate>Fri, 03 Mar 2023 19:46:55 +0000</lastBuildDate>
	<language>it-IT</language>
	<sy:updatePeriod>
	hourly	</sy:updatePeriod>
	<sy:updateFrequency>
	1	</sy:updateFrequency>
	<generator>https://wordpress.org/?v=6.1.1</generator>
	<item>
		<title>Angostura rhum aged Premium</title>
		<link>/prodotto/angostura-rhum-aged-premium/</link>
					<comments>/prodotto/angostura-rhum-aged-premium/#comments</comments>
		
		<dc:creator><![CDATA[Francesco]]></dc:creator>
		<pubDate>Wed, 24 May 2017 09:34:23 +0000</pubDate>
				<guid isPermaLink="false">http://belinni.pixel-show.com/?post_type=product&#038;p=403</guid>

					<description><![CDATA[<div id="product-description-short-60" class="product-short-description">
<p>Rum Aged 7 Years di Angostura dal colore ambrato, viene invecchiato per un minimo di 7 anni in botti di bourbon. Ricco di sapori davvero gustosi al palato, tra cui acero, cioccolato, miele e caramella mou.</p>
<p><strong>Formato:</strong> 0,70L</p>
<p><strong>Grado alcolico:</strong> 40%</p>
</div>
<div class="features"></div>
<p>L'articolo <a rel="nofollow" href="/prodotto/angostura-rhum-aged-premium/">Angostura rhum aged Premium</a> proviene da <a rel="nofollow" href="">Epicodeprogetto0303</a>.</p>
]]></description>
										<content:encoded><![CDATA[<p>L'articolo <a rel="nofollow" href="/prodotto/angostura-rhum-aged-premium/">Angostura rhum aged Premium</a> proviene da <a rel="nofollow" href="">Epicodeprogetto0303</a>.</p>
]]></content:encoded>
					
					<wfw:commentRss>/prodotto/angostura-rhum-aged-premium/feed/</wfw:commentRss>
			<slash:comments>2</slash:comments>
		
		
			</item>
		<item>
		<title>El dorado 21 anni demerara special reserve</title>
		<link>/prodotto/el-dorado-21-anni-demerara-special-reserve/</link>
					<comments>/prodotto/el-dorado-21-anni-demerara-special-reserve/#comments</comments>
		
		<dc:creator><![CDATA[Francesco]]></dc:creator>
		<pubDate>Wed, 24 May 2017 09:30:41 +0000</pubDate>
				<guid isPermaLink="false">http://belinni.pixel-show.com/?post_type=product&#038;p=401</guid>

					<description><![CDATA[<p><strong>Potenti at sem</strong> sollicitudin nullam nulla eu, in in in pellentesque. Ut sapien convallis velit, hic libero pede. Sed egestas vel, velit in ac sit nam sit tellus. Ante sed sollicitudin fringilla mi vivamus, lorem ligula quam. Varius non aliquet justo massa vehicula, placerat tellus aenean eget et venenatis urna, fringilla dictum integer, donec metus laboris per nec vestibulum curabitur. Cras eleifend ipsum, nullam felis mattis orci viverra orci, elit enim ornare non vitae tortor duis, nulla vitae a est quam lacus. Mi maecenas sollicitudin nulla vestibulum et wisi, ac semper nibh at. Rerum interdum amet nam in, sed dui, varius tortor sed mi maecenas commodo, fringilla phasellus amet diam elementum, erat eu lacus. <strong>Augue scelerisque</strong>, erat curae varius sapien eget. Duis aliquet.</p>
<p>L'articolo <a rel="nofollow" href="/prodotto/el-dorado-21-anni-demerara-special-reserve/">El dorado 21 anni demerara special reserve</a> proviene da <a rel="nofollow" href="">Epicodeprogetto0303</a>.</p>
]]></description>
										<content:encoded><![CDATA[<p>Potenti at sem sollicitudin nullam nulla eu, in in in pellentesque. Ut sapien convallis velit, hic libero pede. Sed egestas vel, velit in ac sit nam sit tellus. Ante sed sollicitudin fringilla mi vivamus, lorem ligula quam. Varius non aliquet justo massa vehicula, placerat tellus aenean eget et venenatis urna, fringilla dictum integer, donec metus laboris per nec vestibulum curabitur. Cras eleifend ipsum, nullam felis mattis orci viverra orci, elit enim ornare non vitae tortor duis, nulla vitae a est quam lacus. Mi maecenas sollicitudin nulla vestibulum et wisi, ac semper nibh at. Rerum interdum amet nam in, sed dui, varius tortor sed mi maecenas commodo, fringilla phasellus amet diam elementum, erat eu lacus. Augue scelerisque, erat curae varius sapien eget. Duis aliquet.</p>
<p>L'articolo <a rel="nofollow" href="/prodotto/el-dorado-21-anni-demerara-special-reserve/">El dorado 21 anni demerara special reserve</a> proviene da <a rel="nofollow" href="">Epicodeprogetto0303</a>.</p>
]]></content:encoded>
					
					<wfw:commentRss>/prodotto/el-dorado-21-anni-demerara-special-reserve/feed/</wfw:commentRss>
			<slash:comments>2</slash:comments>
		
		
			</item>
		<item>
		<title>Kraken rhum</title>
		<link>/prodotto/kraken-rhum/</link>
					<comments>/prodotto/kraken-rhum/#respond</comments>
		
		<dc:creator><![CDATA[Francesco]]></dc:creator>
		<pubDate>Wed, 24 May 2017 09:27:14 +0000</pubDate>
				<guid isPermaLink="false">http://belinni.pixel-show.com/?post_type=product&#038;p=400</guid>

					<description><![CDATA[<div id="product-description-short-677" class="product-short-description">
<p>"The kraken rum", un liquido di oscurità senza pari.</p>
<p><strong>Formato:</strong> 0,70L</p>
<p><strong>Grado alcolico:</strong> 40%</p>
</div>
<p>L'articolo <a rel="nofollow" href="/prodotto/kraken-rhum/">Kraken rhum</a> proviene da <a rel="nofollow" href="">Epicodeprogetto0303</a>.</p>
]]></description>
										<content:encoded><![CDATA[<p>L'articolo <a rel="nofollow" href="/prodotto/kraken-rhum/">Kraken rhum</a> proviene da <a rel="nofollow" href="">Epicodeprogetto0303</a>.</p>
]]></content:encoded>
					
					<wfw:commentRss>/prodotto/kraken-rhum/feed/</wfw:commentRss>
			<slash:comments>0</slash:comments>
		
		
			</item>
		<item>
		<title>Doorly&#8217;s Barbados rhum</title>
		<link>/prodotto/doorlys-barbados-rhum/</link>
					<comments>/prodotto/doorlys-barbados-rhum/#respond</comments>
		
		<dc:creator><![CDATA[Francesco]]></dc:creator>
		<pubDate>Wed, 24 May 2017 09:24:47 +0000</pubDate>
				<guid isPermaLink="false">http://belinni.pixel-show.com/?post_type=product&#038;p=399</guid>

					<description><![CDATA[<div id="product-description-short-224" class="product-short-description">
<p>Rum Doorly’s 14 anni della Foursquare Distillery, storico rum delle Barbados bialanciato ed elegante, tra i più apprezzati al mondo.</p>
</div>
<div class="features"><strong>Formato:</strong> 0,70L</div>
<div><strong>Grado alcolico:</strong> 43%</div>
<p>L'articolo <a rel="nofollow" href="/prodotto/doorlys-barbados-rhum/">Doorly&#8217;s Barbados rhum</a> proviene da <a rel="nofollow" href="">Epicodeprogetto0303</a>.</p>
]]></description>
										<content:encoded><![CDATA[<p>L'articolo <a rel="nofollow" href="/prodotto/doorlys-barbados-rhum/">Doorly&#8217;s Barbados rhum</a> proviene da <a rel="nofollow" href="">Epicodeprogetto0303</a>.</p>
]]></content:encoded>
					
					<wfw:commentRss>/prodotto/doorlys-barbados-rhum/feed/</wfw:commentRss>
			<slash:comments>0</slash:comments>
		
		
			</item>
	</channel>
</rss>
