<?xml version="1.0" encoding="UTF-8"?><rss version="2.0"
	xmlns:content="http://purl.org/rss/1.0/modules/content/"
	xmlns:dc="http://purl.org/dc/elements/1.1/"
	xmlns:atom="http://www.w3.org/2005/Atom"
	xmlns:sy="http://purl.org/rss/1.0/modules/syndication/"
	
	>
<channel>
	<title>
	Commenti per Epicodeprogetto0303	</title>
	<atom:link href="http://localhost/lunedi0603/comments/feed/?simply_static_page=591" rel="self" type="application/rss+xml" />
	<link></link>
	<description></description>
	<lastBuildDate>Fri, 03 Mar 2023 20:15:42 +0000</lastBuildDate>
	<sy:updatePeriod>
	hourly	</sy:updatePeriod>
	<sy:updateFrequency>
	1	</sy:updateFrequency>
	<generator>https://wordpress.org/?v=6.1.1</generator>
	<item>
		<title>
		Commenti su El dorado 21 anni demerara special reserve di Francesco		</title>
		<link>/prodotto/el-dorado-21-anni-demerara-special-reserve/#comment-33</link>

		<dc:creator><![CDATA[Francesco]]></dc:creator>
		<pubDate>Fri, 03 Mar 2023 19:46:55 +0000</pubDate>
		<guid isPermaLink="false">http://belinni.pixel-show.com/?post_type=product&#038;p=401#comment-33</guid>

					<description><![CDATA[fjvgnfgfg]]></description>
			<content:encoded><![CDATA[<p>fjvgnfgfg</p>
]]></content:encoded>
		
			</item>
		<item>
		<title>
		Commenti su Mezcal Amarillo Aguiar di Giorgio		</title>
		<link>/prodotto/mezcal-amarillo-aguiar/#comment-32</link>

		<dc:creator><![CDATA[Giorgio]]></dc:creator>
		<pubDate>Fri, 03 Mar 2023 13:37:01 +0000</pubDate>
		<guid isPermaLink="false">/?post_type=product#038;p=1017#comment-32</guid>

					<description><![CDATA[Nice mezcal! I really recommend it]]></description>
			<content:encoded><![CDATA[<p>Nice mezcal! I really recommend it</p>
]]></content:encoded>
		
			</item>
		<item>
		<title>
		Commenti su Berry bros rudd di Viktoria		</title>
		<link>/prodotto/berry-bros-rudd/#comment-29</link>

		<dc:creator><![CDATA[Viktoria]]></dc:creator>
		<pubDate>Wed, 24 May 2017 12:59:45 +0000</pubDate>
		<guid isPermaLink="false">http://belinni.pixel-show.com/?post_type=product&#038;p=404#comment-29</guid>

					<description><![CDATA[Cras eleifend ipsum, nullam felis mattis orci viverra orci, elit enim ornare non vitae tortor duis, nulla vitae a est quam lacus. Mi maecenas sollicitudin nulla vestibulum et wisi, ac semper nibh at. Rerum interdum amet nam in, sed dui, varius tortor sed mi maecenas commodo, fringilla phasellus amet diam elementum, erat eu lacus. Augue scelerisque, erat curae varius sapien eget. Duis aliquet.]]></description>
			<content:encoded><![CDATA[<p>Cras eleifend ipsum, nullam felis mattis orci viverra orci, elit enim ornare non vitae tortor duis, nulla vitae a est quam lacus. Mi maecenas sollicitudin nulla vestibulum et wisi, ac semper nibh at. Rerum interdum amet nam in, sed dui, varius tortor sed mi maecenas commodo, fringilla phasellus amet diam elementum, erat eu lacus. Augue scelerisque, erat curae varius sapien eget. Duis aliquet.</p>
]]></content:encoded>
		
			</item>
		<item>
		<title>
		Commenti su El dorado 21 anni demerara special reserve di Stefani		</title>
		<link>/prodotto/el-dorado-21-anni-demerara-special-reserve/#comment-26</link>

		<dc:creator><![CDATA[Stefani]]></dc:creator>
		<pubDate>Wed, 24 May 2017 10:58:35 +0000</pubDate>
		<guid isPermaLink="false">http://belinni.pixel-show.com/?post_type=product&#038;p=401#comment-26</guid>

					<description><![CDATA[I love this rhum.]]></description>
			<content:encoded><![CDATA[<p>I love this rhum.</p>
]]></content:encoded>
		
			</item>
		<item>
		<title>
		Commenti su Ezra brooks black label di Olivia		</title>
		<link>/prodotto/ezra-brooks-black-label/#comment-31</link>

		<dc:creator><![CDATA[Olivia]]></dc:creator>
		<pubDate>Wed, 24 May 2017 10:57:31 +0000</pubDate>
		<guid isPermaLink="false">http://belinni.pixel-show.com/?post_type=product&#038;p=406#comment-31</guid>

					<description><![CDATA[I expected a better product. 4/5.]]></description>
			<content:encoded><![CDATA[<p>I expected a better product. 4/5.</p>
]]></content:encoded>
		
			</item>
		<item>
		<title>
		Commenti su Knappogue di Viktoria		</title>
		<link>/prodotto/knappogue/#comment-30</link>

		<dc:creator><![CDATA[Viktoria]]></dc:creator>
		<pubDate>Wed, 24 May 2017 10:56:03 +0000</pubDate>
		<guid isPermaLink="false">http://belinni.pixel-show.com/?post_type=product&#038;p=405#comment-30</guid>

					<description><![CDATA[High quality product.]]></description>
			<content:encoded><![CDATA[<p>High quality product.</p>
]]></content:encoded>
		
			</item>
		<item>
		<title>
		Commenti su Angostura rhum aged Premium di Viktoria		</title>
		<link>/prodotto/angostura-rhum-aged-premium/#comment-28</link>

		<dc:creator><![CDATA[Viktoria]]></dc:creator>
		<pubDate>Wed, 24 May 2017 10:51:55 +0000</pubDate>
		<guid isPermaLink="false">http://belinni.pixel-show.com/?post_type=product&#038;p=403#comment-28</guid>

					<description><![CDATA[Really good rhum!]]></description>
			<content:encoded><![CDATA[<p>Really good rhum!</p>
]]></content:encoded>
		
			</item>
		<item>
		<title>
		Commenti su Angostura rhum aged Premium di Robert		</title>
		<link>/prodotto/angostura-rhum-aged-premium/#comment-27</link>

		<dc:creator><![CDATA[Robert]]></dc:creator>
		<pubDate>Wed, 24 May 2017 10:51:13 +0000</pubDate>
		<guid isPermaLink="false">http://belinni.pixel-show.com/?post_type=product&#038;p=403#comment-27</guid>

					<description><![CDATA[Good product!]]></description>
			<content:encoded><![CDATA[<p>Good product!</p>
]]></content:encoded>
		
			</item>
	</channel>
</rss>
