<?xml version="1.0" encoding="UTF-8"?><rss version="2.0"
	xmlns:content="http://purl.org/rss/1.0/modules/content/"
	xmlns:wfw="http://wellformedweb.org/CommentAPI/"
	xmlns:dc="http://purl.org/dc/elements/1.1/"
	xmlns:atom="http://www.w3.org/2005/Atom"
	xmlns:sy="http://purl.org/rss/1.0/modules/syndication/"
	xmlns:slash="http://purl.org/rss/1.0/modules/slash/"
	>

<channel>
	<title>DryGin Archivi | Epicodeprogetto0303</title>
	<atom:link href="http://localhost/lunedi0603/tag-prodotto/drygin/feed/?simply_static_page=873" rel="self" type="application/rss+xml" />
	<link></link>
	<description></description>
	<lastBuildDate>Fri, 03 Mar 2023 14:13:28 +0000</lastBuildDate>
	<language>it-IT</language>
	<sy:updatePeriod>
	hourly	</sy:updatePeriod>
	<sy:updateFrequency>
	1	</sy:updateFrequency>
	<generator>https://wordpress.org/?v=6.1.1</generator>
	<item>
		<title>Dry Gin The Botanist Islay</title>
		<link>/prodotto/dry-gin-the-botanist-islay/</link>
					<comments>/prodotto/dry-gin-the-botanist-islay/#respond</comments>
		
		<dc:creator><![CDATA[Francesco]]></dc:creator>
		<pubDate>Fri, 03 Mar 2023 13:55:04 +0000</pubDate>
				<guid isPermaLink="false">/?post_type=product#038;p=1025</guid>

					<description><![CDATA[<div id="product-description-short-358" class="product-short-description">
<p>The Botanist Islay, il gin scozzese artigianale complesso e poliedrico con ben 22 botaniche. Fresco, armonico e affascinante.</p>
<p><strong>Formato:</strong> 1L</p>
<p><strong>Grado alcolico:</strong> 46%</p>
</div>
<p>L'articolo <a rel="nofollow" href="/prodotto/dry-gin-the-botanist-islay/">Dry Gin The Botanist Islay</a> proviene da <a rel="nofollow" href="">Epicodeprogetto0303</a>.</p>
]]></description>
										<content:encoded><![CDATA[<p>L'articolo <a rel="nofollow" href="/prodotto/dry-gin-the-botanist-islay/">Dry Gin The Botanist Islay</a> proviene da <a rel="nofollow" href="">Epicodeprogetto0303</a>.</p>
]]></content:encoded>
					
					<wfw:commentRss>/prodotto/dry-gin-the-botanist-islay/feed/</wfw:commentRss>
			<slash:comments>0</slash:comments>
		
		
			</item>
	</channel>
</rss>
