<?xml version="1.0" encoding="UTF-8"?><rss version="2.0"
	xmlns:content="http://purl.org/rss/1.0/modules/content/"
	xmlns:dc="http://purl.org/dc/elements/1.1/"
	xmlns:atom="http://www.w3.org/2005/Atom"
	xmlns:sy="http://purl.org/rss/1.0/modules/syndication/"
	
	>
<channel>
	<title>
	Commenti a: Mezcal Amarillo Aguiar	</title>
	<atom:link href="http://localhost/lunedi0603/prodotto/mezcal-amarillo-aguiar/feed/?simply_static_page=700" rel="self" type="application/rss+xml" />
	<link>/prodotto/mezcal-amarillo-aguiar/</link>
	<description></description>
	<lastBuildDate>Fri, 03 Mar 2023 13:52:08 +0000</lastBuildDate>
	<sy:updatePeriod>
	hourly	</sy:updatePeriod>
	<sy:updateFrequency>
	1	</sy:updateFrequency>
	<generator>https://wordpress.org/?v=6.1.1</generator>
	<item>
		<title>
		Di: Giorgio		</title>
		<link>/prodotto/mezcal-amarillo-aguiar/#comment-32</link>

		<dc:creator><![CDATA[Giorgio]]></dc:creator>
		<pubDate>Fri, 03 Mar 2023 13:37:01 +0000</pubDate>
		<guid isPermaLink="false">/?post_type=product#038;p=1017#comment-32</guid>

					<description><![CDATA[Nice mezcal! I really recommend it]]></description>
			<content:encoded><![CDATA[<p>Nice mezcal! I really recommend it</p>
]]></content:encoded>
		
			</item>
	</channel>
</rss>
