<?xml version="1.0" encoding="UTF-8"?><rss version="2.0"
	xmlns:content="http://purl.org/rss/1.0/modules/content/"
	xmlns:wfw="http://wellformedweb.org/CommentAPI/"
	xmlns:dc="http://purl.org/dc/elements/1.1/"
	xmlns:atom="http://www.w3.org/2005/Atom"
	xmlns:sy="http://purl.org/rss/1.0/modules/syndication/"
	xmlns:slash="http://purl.org/rss/1.0/modules/slash/"
	>

<channel>
	<title>LondonDry Archivi | Epicodeprogetto0303</title>
	<atom:link href="http://localhost/lunedi0603/tag-prodotto/londondry/feed/?simply_static_page=875" rel="self" type="application/rss+xml" />
	<link></link>
	<description></description>
	<lastBuildDate>Fri, 03 Mar 2023 13:58:09 +0000</lastBuildDate>
	<language>it-IT</language>
	<sy:updatePeriod>
	hourly	</sy:updatePeriod>
	<sy:updateFrequency>
	1	</sy:updateFrequency>
	<generator>https://wordpress.org/?v=6.1.1</generator>
	<item>
		<title>Elephant Gin Navy Strength</title>
		<link>/prodotto/elephant-gin-navy-strength/</link>
					<comments>/prodotto/elephant-gin-navy-strength/#respond</comments>
		
		<dc:creator><![CDATA[Francesco]]></dc:creator>
		<pubDate>Fri, 03 Mar 2023 13:58:09 +0000</pubDate>
				<guid isPermaLink="false">/?post_type=product#038;p=1030</guid>

					<description><![CDATA[<div id="product-description-short-187" class="product-short-description">
<p>Elephant Navy Strength è la ricetta artigianale realizzata con botaniche africane ad una gradazione del 57%, più forte e ricco del gin london dry.</p>
<p><strong>Formato:</strong> 0,50L</p>
<p><strong>Grado alcolico:</strong> 57%</p>
</div>
<p>L'articolo <a rel="nofollow" href="/prodotto/elephant-gin-navy-strength/">Elephant Gin Navy Strength</a> proviene da <a rel="nofollow" href="">Epicodeprogetto0303</a>.</p>
]]></description>
										<content:encoded><![CDATA[<p>L'articolo <a rel="nofollow" href="/prodotto/elephant-gin-navy-strength/">Elephant Gin Navy Strength</a> proviene da <a rel="nofollow" href="">Epicodeprogetto0303</a>.</p>
]]></content:encoded>
					
					<wfw:commentRss>/prodotto/elephant-gin-navy-strength/feed/</wfw:commentRss>
			<slash:comments>0</slash:comments>
		
		
			</item>
	</channel>
</rss>
