<?xml version="1.0" encoding="UTF-8"?><rss version="2.0"
	xmlns:content="http://purl.org/rss/1.0/modules/content/"
	xmlns:dc="http://purl.org/dc/elements/1.1/"
	xmlns:atom="http://www.w3.org/2005/Atom"
	xmlns:sy="http://purl.org/rss/1.0/modules/syndication/"
	
	>
<channel>
	<title>
	Commenti a: El dorado 21 anni demerara special reserve	</title>
	<atom:link href="http://localhost/lunedi0603/prodotto/el-dorado-21-anni-demerara-special-reserve/feed/?simply_static_page=682" rel="self" type="application/rss+xml" />
	<link>/prodotto/el-dorado-21-anni-demerara-special-reserve/</link>
	<description></description>
	<lastBuildDate>Fri, 03 Mar 2023 19:46:55 +0000</lastBuildDate>
	<sy:updatePeriod>
	hourly	</sy:updatePeriod>
	<sy:updateFrequency>
	1	</sy:updateFrequency>
	<generator>https://wordpress.org/?v=6.1.1</generator>
	<item>
		<title>
		Di: Francesco		</title>
		<link>/prodotto/el-dorado-21-anni-demerara-special-reserve/#comment-33</link>

		<dc:creator><![CDATA[Francesco]]></dc:creator>
		<pubDate>Fri, 03 Mar 2023 19:46:55 +0000</pubDate>
		<guid isPermaLink="false">http://belinni.pixel-show.com/?post_type=product&#038;p=401#comment-33</guid>

					<description><![CDATA[fjvgnfgfg]]></description>
			<content:encoded><![CDATA[<p>fjvgnfgfg</p>
]]></content:encoded>
		
			</item>
		<item>
		<title>
		Di: Stefani		</title>
		<link>/prodotto/el-dorado-21-anni-demerara-special-reserve/#comment-26</link>

		<dc:creator><![CDATA[Stefani]]></dc:creator>
		<pubDate>Wed, 24 May 2017 10:58:35 +0000</pubDate>
		<guid isPermaLink="false">http://belinni.pixel-show.com/?post_type=product&#038;p=401#comment-26</guid>

					<description><![CDATA[I love this rhum.]]></description>
			<content:encoded><![CDATA[<p>I love this rhum.</p>
]]></content:encoded>
		
			</item>
	</channel>
</rss>
