<?xml version="1.0" encoding="UTF-8"?><rss version="2.0"
	xmlns:content="http://purl.org/rss/1.0/modules/content/"
	xmlns:dc="http://purl.org/dc/elements/1.1/"
	xmlns:atom="http://www.w3.org/2005/Atom"
	xmlns:sy="http://purl.org/rss/1.0/modules/syndication/"
	
	>
<channel>
	<title>
	Commenti a: Etsu Double Orange Gin x 3BTG	</title>
	<atom:link href="http://localhost/lunedi0603/prodotto/etsu-double-orange-gin-x-3btg/feed/?simply_static_page=707" rel="self" type="application/rss+xml" />
	<link>/prodotto/etsu-double-orange-gin-x-3btg/</link>
	<description></description>
	<lastBuildDate>Fri, 03 Mar 2023 14:01:44 +0000</lastBuildDate>
	<sy:updatePeriod>
	hourly	</sy:updatePeriod>
	<sy:updateFrequency>
	1	</sy:updateFrequency>
	<generator>https://wordpress.org/?v=6.1.1</generator>
</channel>
</rss>
