<?xml version="1.0" encoding="UTF-8"?><rss version="2.0"
	xmlns:content="http://purl.org/rss/1.0/modules/content/"
	xmlns:wfw="http://wellformedweb.org/CommentAPI/"
	xmlns:dc="http://purl.org/dc/elements/1.1/"
	xmlns:atom="http://www.w3.org/2005/Atom"
	xmlns:sy="http://purl.org/rss/1.0/modules/syndication/"
	xmlns:slash="http://purl.org/rss/1.0/modules/slash/"
	>

<channel>
	<title>barbados Archivi | Epicodeprogetto0303</title>
	<atom:link href="http://localhost/lunedi0603/tag-prodotto/barbados/feed/?simply_static_page=859" rel="self" type="application/rss+xml" />
	<link></link>
	<description></description>
	<lastBuildDate>Fri, 03 Mar 2023 14:15:08 +0000</lastBuildDate>
	<language>it-IT</language>
	<sy:updatePeriod>
	hourly	</sy:updatePeriod>
	<sy:updateFrequency>
	1	</sy:updateFrequency>
	<generator>https://wordpress.org/?v=6.1.1</generator>
	<item>
		<title>Doorly&#8217;s Barbados rhum</title>
		<link>/prodotto/doorlys-barbados-rhum/</link>
					<comments>/prodotto/doorlys-barbados-rhum/#respond</comments>
		
		<dc:creator><![CDATA[Francesco]]></dc:creator>
		<pubDate>Wed, 24 May 2017 09:24:47 +0000</pubDate>
				<guid isPermaLink="false">http://belinni.pixel-show.com/?post_type=product&#038;p=399</guid>

					<description><![CDATA[<div id="product-description-short-224" class="product-short-description">
<p>Rum Doorly’s 14 anni della Foursquare Distillery, storico rum delle Barbados bialanciato ed elegante, tra i più apprezzati al mondo.</p>
</div>
<div class="features"><strong>Formato:</strong> 0,70L</div>
<div><strong>Grado alcolico:</strong> 43%</div>
<p>L'articolo <a rel="nofollow" href="/prodotto/doorlys-barbados-rhum/">Doorly&#8217;s Barbados rhum</a> proviene da <a rel="nofollow" href="">Epicodeprogetto0303</a>.</p>
]]></description>
										<content:encoded><![CDATA[<p>L'articolo <a rel="nofollow" href="/prodotto/doorlys-barbados-rhum/">Doorly&#8217;s Barbados rhum</a> proviene da <a rel="nofollow" href="">Epicodeprogetto0303</a>.</p>
]]></content:encoded>
					
					<wfw:commentRss>/prodotto/doorlys-barbados-rhum/feed/</wfw:commentRss>
			<slash:comments>0</slash:comments>
		
		
			</item>
	</channel>
</rss>
