<?xml version="1.0" encoding="UTF-8"?><rss version="2.0"
	xmlns:content="http://purl.org/rss/1.0/modules/content/"
	xmlns:wfw="http://wellformedweb.org/CommentAPI/"
	xmlns:dc="http://purl.org/dc/elements/1.1/"
	xmlns:atom="http://www.w3.org/2005/Atom"
	xmlns:sy="http://purl.org/rss/1.0/modules/syndication/"
	xmlns:slash="http://purl.org/rss/1.0/modules/slash/"
	>

<channel>
	<title>casamigos Archivi | Epicodeprogetto0303</title>
	<atom:link href="http://localhost/lunedi0603/tag-prodotto/casamigos/feed/?simply_static_page=865" rel="self" type="application/rss+xml" />
	<link></link>
	<description></description>
	<lastBuildDate>Fri, 03 Mar 2023 13:51:43 +0000</lastBuildDate>
	<language>it-IT</language>
	<sy:updatePeriod>
	hourly	</sy:updatePeriod>
	<sy:updateFrequency>
	1	</sy:updateFrequency>
	<generator>https://wordpress.org/?v=6.1.1</generator>
	<item>
		<title>Tequila Casamigos Anejo</title>
		<link>/prodotto/tequila-casamigos-anejo/</link>
					<comments>/prodotto/tequila-casamigos-anejo/#respond</comments>
		
		<dc:creator><![CDATA[Francesco]]></dc:creator>
		<pubDate>Fri, 03 Mar 2023 13:46:40 +0000</pubDate>
				<guid isPermaLink="false">/?post_type=product#038;p=1023</guid>

					<description><![CDATA[<div id="product-description-short-63" class="product-short-description">
<p>Prodotta artigianalmente in Messico con agave Blue Weber, viene invecchiato per 14 mesi in legno di rovere. Morbido e raffinato con un finale persistente.</p>
<p><strong>Formato:</strong> 0,70 L</p>
<p><strong>Grado alcolico:</strong> 40%</p>
</div>
<p>L'articolo <a rel="nofollow" href="/prodotto/tequila-casamigos-anejo/">Tequila Casamigos Anejo</a> proviene da <a rel="nofollow" href="">Epicodeprogetto0303</a>.</p>
]]></description>
										<content:encoded><![CDATA[<p>L'articolo <a rel="nofollow" href="/prodotto/tequila-casamigos-anejo/">Tequila Casamigos Anejo</a> proviene da <a rel="nofollow" href="">Epicodeprogetto0303</a>.</p>
]]></content:encoded>
					
					<wfw:commentRss>/prodotto/tequila-casamigos-anejo/feed/</wfw:commentRss>
			<slash:comments>0</slash:comments>
		
		
			</item>
	</channel>
</rss>
