<?xml version="1.0" encoding="UTF-8"?><rss version="2.0"
	xmlns:content="http://purl.org/rss/1.0/modules/content/"
	xmlns:wfw="http://wellformedweb.org/CommentAPI/"
	xmlns:dc="http://purl.org/dc/elements/1.1/"
	xmlns:atom="http://www.w3.org/2005/Atom"
	xmlns:sy="http://purl.org/rss/1.0/modules/syndication/"
	xmlns:slash="http://purl.org/rss/1.0/modules/slash/"
	>

<channel>
	<title>Gin Archivi | Epicodeprogetto0303</title>
	<atom:link href="http://localhost/lunedi0603/categoria-prodotto/gin/feed/?simply_static_page=702" rel="self" type="application/rss+xml" />
	<link></link>
	<description></description>
	<lastBuildDate>Fri, 03 Mar 2023 14:13:28 +0000</lastBuildDate>
	<language>it-IT</language>
	<sy:updatePeriod>
	hourly	</sy:updatePeriod>
	<sy:updateFrequency>
	1	</sy:updateFrequency>
	<generator>https://wordpress.org/?v=6.1.1</generator>
	<item>
		<title>Gin Amuerte White Coca Leaf Bottiglia Bianca</title>
		<link>/prodotto/gin-amuerte-white-coca-leaf-bottiglia-bianca/</link>
					<comments>/prodotto/gin-amuerte-white-coca-leaf-bottiglia-bianca/#respond</comments>
		
		<dc:creator><![CDATA[Francesco]]></dc:creator>
		<pubDate>Fri, 03 Mar 2023 14:04:11 +0000</pubDate>
				<guid isPermaLink="false">/?post_type=product#038;p=1032</guid>

					<description><![CDATA[<div id="product-description-short-426" class="product-short-description">
<p>Il <strong>Gin Amuerete Coca Leaf White </strong>ha una ricetta innovativa che contiene botaniche fresche e intense.</p>
<p>Formato: 0,70L</p>
<p>Grado alcolico: 43%</p>
</div>
<div class="features"></div>
<p>L'articolo <a rel="nofollow" href="/prodotto/gin-amuerte-white-coca-leaf-bottiglia-bianca/">Gin Amuerte White Coca Leaf Bottiglia Bianca</a> proviene da <a rel="nofollow" href="">Epicodeprogetto0303</a>.</p>
]]></description>
										<content:encoded><![CDATA[<p>L'articolo <a rel="nofollow" href="/prodotto/gin-amuerte-white-coca-leaf-bottiglia-bianca/">Gin Amuerte White Coca Leaf Bottiglia Bianca</a> proviene da <a rel="nofollow" href="">Epicodeprogetto0303</a>.</p>
]]></content:encoded>
					
					<wfw:commentRss>/prodotto/gin-amuerte-white-coca-leaf-bottiglia-bianca/feed/</wfw:commentRss>
			<slash:comments>0</slash:comments>
		
		
			</item>
		<item>
		<title>Etsu Double Orange Gin x 3BTG</title>
		<link>/prodotto/etsu-double-orange-gin-x-3btg/</link>
					<comments>/prodotto/etsu-double-orange-gin-x-3btg/#respond</comments>
		
		<dc:creator><![CDATA[Francesco]]></dc:creator>
		<pubDate>Fri, 03 Mar 2023 14:01:44 +0000</pubDate>
				<guid isPermaLink="false">/?post_type=product#038;p=1031</guid>

					<description><![CDATA[<div id="product-description-short-1061" class="product-short-description">
<p>Etsu Double Orange Gin è fresco con note fruttate, che nasce dall'utilizzo di ingredienti naturali, che conferiscono a questo gin un finale unico e leggero.</p>
<p><strong>Formato:</strong> 0,70L x 3 BTG</p>
<p><strong>Grado alcolico:</strong> 3%</p>
</div>
<div class="features"></div>
<p>L'articolo <a rel="nofollow" href="/prodotto/etsu-double-orange-gin-x-3btg/">Etsu Double Orange Gin x 3BTG</a> proviene da <a rel="nofollow" href="">Epicodeprogetto0303</a>.</p>
]]></description>
										<content:encoded><![CDATA[<p>L'articolo <a rel="nofollow" href="/prodotto/etsu-double-orange-gin-x-3btg/">Etsu Double Orange Gin x 3BTG</a> proviene da <a rel="nofollow" href="">Epicodeprogetto0303</a>.</p>
]]></content:encoded>
					
					<wfw:commentRss>/prodotto/etsu-double-orange-gin-x-3btg/feed/</wfw:commentRss>
			<slash:comments>0</slash:comments>
		
		
			</item>
		<item>
		<title>Elephant Gin Navy Strength</title>
		<link>/prodotto/elephant-gin-navy-strength/</link>
					<comments>/prodotto/elephant-gin-navy-strength/#respond</comments>
		
		<dc:creator><![CDATA[Francesco]]></dc:creator>
		<pubDate>Fri, 03 Mar 2023 13:58:09 +0000</pubDate>
				<guid isPermaLink="false">/?post_type=product#038;p=1030</guid>

					<description><![CDATA[<div id="product-description-short-187" class="product-short-description">
<p>Elephant Navy Strength è la ricetta artigianale realizzata con botaniche africane ad una gradazione del 57%, più forte e ricco del gin london dry.</p>
<p><strong>Formato:</strong> 0,50L</p>
<p><strong>Grado alcolico:</strong> 57%</p>
</div>
<p>L'articolo <a rel="nofollow" href="/prodotto/elephant-gin-navy-strength/">Elephant Gin Navy Strength</a> proviene da <a rel="nofollow" href="">Epicodeprogetto0303</a>.</p>
]]></description>
										<content:encoded><![CDATA[<p>L'articolo <a rel="nofollow" href="/prodotto/elephant-gin-navy-strength/">Elephant Gin Navy Strength</a> proviene da <a rel="nofollow" href="">Epicodeprogetto0303</a>.</p>
]]></content:encoded>
					
					<wfw:commentRss>/prodotto/elephant-gin-navy-strength/feed/</wfw:commentRss>
			<slash:comments>0</slash:comments>
		
		
			</item>
		<item>
		<title>Dry Gin The Botanist Islay</title>
		<link>/prodotto/dry-gin-the-botanist-islay/</link>
					<comments>/prodotto/dry-gin-the-botanist-islay/#respond</comments>
		
		<dc:creator><![CDATA[Francesco]]></dc:creator>
		<pubDate>Fri, 03 Mar 2023 13:55:04 +0000</pubDate>
				<guid isPermaLink="false">/?post_type=product#038;p=1025</guid>

					<description><![CDATA[<div id="product-description-short-358" class="product-short-description">
<p>The Botanist Islay, il gin scozzese artigianale complesso e poliedrico con ben 22 botaniche. Fresco, armonico e affascinante.</p>
<p><strong>Formato:</strong> 1L</p>
<p><strong>Grado alcolico:</strong> 46%</p>
</div>
<p>L'articolo <a rel="nofollow" href="/prodotto/dry-gin-the-botanist-islay/">Dry Gin The Botanist Islay</a> proviene da <a rel="nofollow" href="">Epicodeprogetto0303</a>.</p>
]]></description>
										<content:encoded><![CDATA[<p>L'articolo <a rel="nofollow" href="/prodotto/dry-gin-the-botanist-islay/">Dry Gin The Botanist Islay</a> proviene da <a rel="nofollow" href="">Epicodeprogetto0303</a>.</p>
]]></content:encoded>
					
					<wfw:commentRss>/prodotto/dry-gin-the-botanist-islay/feed/</wfw:commentRss>
			<slash:comments>0</slash:comments>
		
		
			</item>
	</channel>
</rss>
