<?xml version="1.0" encoding="UTF-8"?><rss version="2.0"
	xmlns:content="http://purl.org/rss/1.0/modules/content/"
	xmlns:wfw="http://wellformedweb.org/CommentAPI/"
	xmlns:dc="http://purl.org/dc/elements/1.1/"
	xmlns:atom="http://www.w3.org/2005/Atom"
	xmlns:sy="http://purl.org/rss/1.0/modules/syndication/"
	xmlns:slash="http://purl.org/rss/1.0/modules/slash/"
	>

<channel>
	<title>Giapponesi Archivi | Epicodeprogetto0303</title>
	<atom:link href="http://localhost/lunedi0603/tag-prodotto/giapponesi/feed/?simply_static_page=841" rel="self" type="application/rss+xml" />
	<link></link>
	<description></description>
	<lastBuildDate>Fri, 03 Mar 2023 14:08:10 +0000</lastBuildDate>
	<language>it-IT</language>
	<sy:updatePeriod>
	hourly	</sy:updatePeriod>
	<sy:updateFrequency>
	1	</sy:updateFrequency>
	<generator>https://wordpress.org/?v=6.1.1</generator>
	<item>
		<title>Etsu Double Orange Gin x 3BTG</title>
		<link>/prodotto/etsu-double-orange-gin-x-3btg/</link>
					<comments>/prodotto/etsu-double-orange-gin-x-3btg/#respond</comments>
		
		<dc:creator><![CDATA[Francesco]]></dc:creator>
		<pubDate>Fri, 03 Mar 2023 14:01:44 +0000</pubDate>
				<guid isPermaLink="false">/?post_type=product#038;p=1031</guid>

					<description><![CDATA[<div id="product-description-short-1061" class="product-short-description">
<p>Etsu Double Orange Gin è fresco con note fruttate, che nasce dall'utilizzo di ingredienti naturali, che conferiscono a questo gin un finale unico e leggero.</p>
<p><strong>Formato:</strong> 0,70L x 3 BTG</p>
<p><strong>Grado alcolico:</strong> 3%</p>
</div>
<div class="features"></div>
<p>L'articolo <a rel="nofollow" href="/prodotto/etsu-double-orange-gin-x-3btg/">Etsu Double Orange Gin x 3BTG</a> proviene da <a rel="nofollow" href="">Epicodeprogetto0303</a>.</p>
]]></description>
										<content:encoded><![CDATA[<p>L'articolo <a rel="nofollow" href="/prodotto/etsu-double-orange-gin-x-3btg/">Etsu Double Orange Gin x 3BTG</a> proviene da <a rel="nofollow" href="">Epicodeprogetto0303</a>.</p>
]]></content:encoded>
					
					<wfw:commentRss>/prodotto/etsu-double-orange-gin-x-3btg/feed/</wfw:commentRss>
			<slash:comments>0</slash:comments>
		
		
			</item>
		<item>
		<title>Hibiki</title>
		<link>/prodotto/hibiki-whiskey/</link>
					<comments>/prodotto/hibiki-whiskey/#respond</comments>
		
		<dc:creator><![CDATA[Francesco]]></dc:creator>
		<pubDate>Wed, 24 May 2017 09:41:39 +0000</pubDate>
				<guid isPermaLink="false">http://belinni.pixel-show.com/?post_type=product&#038;p=408</guid>

					<description><![CDATA[<div id="product-description-short-421" class="product-short-description">
<p>Whisky Suntory Hibiki Japanese Harmony è un blended della Suntory, creato da una miscela di single malt e single grain.</p>
<p><strong>Grado alcolico:</strong> 43%</p>
</div>
<div class="features"></div>
<p>L'articolo <a rel="nofollow" href="/prodotto/hibiki-whiskey/">Hibiki</a> proviene da <a rel="nofollow" href="">Epicodeprogetto0303</a>.</p>
]]></description>
										<content:encoded><![CDATA[<p>L'articolo <a rel="nofollow" href="/prodotto/hibiki-whiskey/">Hibiki</a> proviene da <a rel="nofollow" href="">Epicodeprogetto0303</a>.</p>
]]></content:encoded>
					
					<wfw:commentRss>/prodotto/hibiki-whiskey/feed/</wfw:commentRss>
			<slash:comments>0</slash:comments>
		
		
			</item>
	</channel>
</rss>
